Fuente,Empresa,Titulo,Url
Bumeran,TOTAL SERVICIOS FINANCIEROS,Analista de Finanzas,https://www.bumeran.com.pe/empleos/analista-de-finanzas-total-servicios-financieros-1118134972.html
Bumeran,Transportes Cruz Del Sur S.A.C.,ANALISTA DE PROYECTOS,https://www.bumeran.com.pe/empleos/analista-de-proyectos-transportes-cruz-del-sur-s.a.c.-1118135588.html
Bumeran,OVERALL STRATEGY S.A.C.,Analista de Planeamiento,https://www.bumeran.com.pe/empleos/analista-de-planeamiento-overall-strategy-s.a.c.-1118135509.html
Bumeran,ON Empresas,Analista de Aprendizaje,https://www.bumeran.com.pe/empleos/analista-de-aprendizaje-on-empresas-1118135298.html
Bumeran,Confidencial,Analista Comercial,https://www.bumeran.com.pe/empleos/analista-comercial-1118135208.html
Bumeran,TRISUR CONSULTING GROUP S.A.C.,Analista de Marketing,https://www.bumeran.com.pe/empleos/analista-de-marketing-trisur-consulting-group-s.a.c.-1118135091.html
Bumeran,CONSORCIO CONSTRUCTOR METRO 2 DE LIMA,Analista de Importaciones,https://www.bumeran.com.pe/empleos/analista-de-importaciones-consorcio-constructor-metro-2-de-lima-1118134740.html
Bumeran,INFRAESTRUCTURAS ELECTRICAS SOCIEDAD ANONIMA CERRADA,ANALISTA DE RECURSOS HUMANOS,https://www.bumeran.com.pe/empleos/analista-de-recursos-humanos-infraestructuras-electricas-sociedad-anonima-cerrada-1118135855.html
Bumeran,MOLITALIA S.A.,Analista de Desarrollo Organizacional,https://www.bumeran.com.pe/empleos/analista-de-desarrollo-organizacional-molitalia-s.a.-1118135854.html
Bumeran,Rimac Cia de Seguros y Reaseguros S.A.,Analista Jr Monetización,https://www.bumeran.com.pe/empleos/analista-jr-monetizacion-rimac-cia-de-seguros-y-reaseguros-s.a.-1118135540.html
Bumeran,Confidencial,Analista Senior de Contabilidad,https://www.bumeran.com.pe/empleos/analista-senior-de-contabilidad-1118135316.html
Bumeran,Grupo Vanguard Internacional,Analista de Business Intelligence,https://www.bumeran.com.pe/empleos/analista-de-business-intelligence-grupo-vanguard-internacional-1118135279.html
Bumeran,FONBIENES,Analista de Marketing y Contenidos,https://www.bumeran.com.pe/empleos/analista-de-marketing-y-contenidos-fonbienes-1118135231.html
Bumeran,CL Selection by Cornerstone,Analista de Capacitación y Desarrollo,https://www.bumeran.com.pe/empleos/analista-de-capacitacion-y-desarrollo-cl-selection-by-cornerstone-1118135172.html
Bumeran,Los Portales,Analista Programador SAP,https://www.bumeran.com.pe/empleos/analista-programador-sap-los-portales-1118135102.html
Bumeran,Cencosud Perú S.A,Analista de Control de Gestión,https://www.bumeran.com.pe/empleos/analista-de-control-de-gestion-cencosud-peru-s.a-1118129706.html
Bumeran,TRANSPORTES VALDIVIESO,Analista Contable Transporte,https://www.bumeran.com.pe/empleos/analista-contable-transporte-transportes-valdivieso-1118131793.html
Bumeran,CAC DILE,ANALISTA DE CRÉDITOS - OFICINA LIMA,https://www.bumeran.com.pe/empleos/analista-de-creditos-oficina-lima-cac-dile-1118134860.html
Bumeran,Casa Bonita Grau,Analista de Datos para Inmobiliaria en PIURA,https://www.bumeran.com.pe/empleos/analista-de-datos-para-inmobiliaria-en-piura-casa-bonita-grau-1118135932.html
Bumeran,KONECTA,ANALISTA DE PRICING - EXPERIENCE CENTER,https://www.bumeran.com.pe/empleos/analista-de-pricing-experience-center-konecta-1118135825.html
Bumeran,Grupo Tawa,Analista Senior de Calidad y Certificaciones,https://www.bumeran.com.pe/empleos/analista-senior-de-calidad-y-certificaciones-grupo-tawa-1118135824.html
Bumeran,Confidencial,ANALISTA SENIOR DE REDES Y TELECOMUNICACION,https://www.bumeran.com.pe/empleos/analista-senior-de-redes-y-telecomunicacion-1118135777.html
Bumeran,CANVIA,ANALISTA PROGRAMADOR Java - Microservicios,https://www.bumeran.com.pe/empleos/analista-programador-java-microservicios-canvia-1118135767.html
Bumeran,Hitss Perú,ANALISTA DE CONTABILIDAD - PRUEBAS TRIBUTARIAS,https://www.bumeran.com.pe/empleos/analista-de-contabilidad-pruebas-tributarias-hitss-peru-1118135065.html
Bumeran,AC CORPORATIVO DEL PERU S.A.C.,ANALISTA DE MULTICATEGORIAS | STAFF LA MOLINA,https://www.bumeran.com.pe/empleos/analista-de-multicategorias-|-staff-la-molina-ac-corporativo-del-peru-s.a.c.-1118134934.html
Bumeran,Derrama Magisterial,ANALISTA PROGRAMADOR FULL STACK,https://www.bumeran.com.pe/empleos/analista-programador-full-stack-derrama-magisterial-1118134844.html
Bumeran,Laureate Perú,Laureate Peru : Analista de Redes y Telefonia,https://www.bumeran.com.pe/empleos/laureate-peru-analista-de-redes-y-telefonia-laureate-peru-1118135690.html
Bumeran,ManpowerGroup Perú,Analista de Estrategia Comercial - Sector Ferretero,https://www.bumeran.com.pe/empleos/analista-de-estrategia-comercial-sector-ferretero-manpowergroup-peru-1118135264.html
Bumeran,AHP HEADHUNTING,Analista de Proyectos de Infraestructura y Seguridad IT,https://www.bumeran.com.pe/empleos/analista-de-proyectos-de-infraestructura-y-seguridad-it-ahp-headhunting-1118135216.html
Bumeran,CARVIMSA,Analista de control de calidad - Villa el Salvador,https://www.bumeran.com.pe/empleos/analista-de-control-de-calidad-villa-el-salvador-carvimsa-1118135058.html
Bumeran,Confidencial,Analista de Remuneraciones – ERP de Gestión de Personas,https://www.bumeran.com.pe/empleos/analista-de-remuneraciones--erp-de-gestion-de-personas-1118135055.html
Bumeran,ADECCO,Analista de contabilidad senior - Excel Intermedio Alto,https://www.bumeran.com.pe/empleos/analista-de-contabilidad-senior-excel-intermedio-alto-adecco-1118135476.html
Bumeran,Laureate Perú,Laureate Peru: Analista de Campañas Post Grado,https://www.bumeran.com.pe/empleos/laureate-peru-analista-de-campanas-post-grado-laureate-peru-1118135288.html
Bumeran,METRICA PERU,"Analista de Soporte TI (ITSM, Power BI y Automate)",https://www.bumeran.com.pe/empleos/analista-de-soporte-ti-itsm-power-bi-y-automate-metrica-peru-1118135281.html
Bumeran,Confidencial,Analista de Nóminas y Administración de Personal - Sector Financiero,https://www.bumeran.com.pe/empleos/analista-de-nominas-y-administracion-de-personal-sector-financiero-1118135025.html
Bumeran,CAJA CUSCO,ANALISTA DE CRÉDITOS CON EXPERIENCIA / PUNO Ref 136 2026,https://www.bumeran.com.pe/empleos/analista-de-creditos-con-experiencia-puno-ref-136-2026-caja-cusco-1118135369.html
Bumeran,CAJA CUSCO,ANALISTA DE ADMISIÓN Y SEGUIMIENTO / TRUJILLO / CE-143-2026,https://www.bumeran.com.pe/empleos/analista-de-admision-y-seguimiento-trujillo-ce-143-2026-caja-cusco-1118135005.html
Bumeran,CAJA CUSCO,ANALISTA DE CRÉDITOS CON EXPERIENCIA /CERCADO DE AREQUIPA Ref 135 2026,https://www.bumeran.com.pe/empleos/analista-de-creditos-con-experiencia-cercado-de-arequipa-ref-135-2026-caja-cusco-1118135372.html
Bumeran,Confidencial,Analista de Atracción del Talento (Minería y construcción) Temporal 1 mes,https://www.bumeran.com.pe/empleos/analista-de-atraccion-del-talento-mineria-y-construccion-temporal-1-mes-1118135330.html
Indeed,Yel Solutions,Analista de Datos,https://pe.indeed.com/viewjob?jk=85b220e2618300df
Indeed,NUMAY S.A,Analista de contabilidad // S/ 3000 + planilla // Lunes a Viernes,https://pe.indeed.com/viewjob?jk=071482b04f92ff92
Indeed,Banco Falabella Perú,Analista de estrategias y planeamiento de cobranza,https://pe.indeed.com/viewjob?jk=7ec04d2ae9979d13
Indeed,INVERITAS GLOBAL HOLDINGS,ANALISTA COMERCIAL,https://pe.indeed.com/viewjob?jk=10b4156fe604cb0c
Indeed,Sodimac Perú,Analista Senior de Planificación Estratégica y Evaluación de Proyectos,https://pe.indeed.com/viewjob?jk=7491aa2b23422f56
Indeed,Real Systems,ANALISTA PROGRAMADOR VB6,https://pe.indeed.com/viewjob?jk=f5e58a7a4fed256b
Indeed,Goldex S.A,Analista Financiero,https://pe.indeed.com/viewjob?jk=5d074580d38c552f
Indeed,alicorp,ANALISTA DE FINANZAS,https://pe.indeed.com/viewjob?jk=373d559f889c4755
Indeed,Q System,Analista QA,https://pe.indeed.com/viewjob?jk=5dea9785bc51b015
Indeed,BuildSoft,Analista Junior de Selección y Reclutamiento,https://pe.indeed.com/viewjob?jk=c505db5c40dbe105
Indeed,LPS GRUPO SERVICES SAC,ANALISTA DE CIERRE Y PROYECTOS | TELECOMUNICACIONES,https://pe.indeed.com/viewjob?jk=8fc1409098c0d438
Indeed,SEVICOR EIRL,Analista de Calidad,https://pe.indeed.com/viewjob?jk=ecde314e5bd14729
Indeed,VERA ASOCIADOS S. CIVIL R. L.,Analista Tributario,https://pe.indeed.com/viewjob?jk=ff82579f91f403d7
Indeed,A2A SAC,ANALISTA DE AUTOMATIZACIÓN E INNOVACIÓN,https://pe.indeed.com/viewjob?jk=77f182dc06cd08a2
Computrabajo,,Analista de Facturación,https://pe.computrabajo.com/ofertas-de-trabajo/oferta-de-trabajo-de-analista-de-facturacion-en-miraflores-B4A91C77C473445161373E686DCF3405
Computrabajo,Atlantic City,Analista de compras,https://pe.computrabajo.com/ofertas-de-trabajo/oferta-de-trabajo-de-analista-de-compras-en-miraflores-A970831B0F28F28261373E686DCF3405
Computrabajo,,Analista de Bienestar Social,https://pe.computrabajo.com/ofertas-de-trabajo/oferta-de-trabajo-de-analista-de-bienestar-social-surco-disponibilidad-inmediata-en-trujillo-0E773382FB60BE2861373E686DCF3405
Computrabajo,abanza,"Analista de compras, empresa de tecnología",https://pe.computrabajo.com/ofertas-de-trabajo/oferta-de-trabajo-de-analista-de-compras-empresa-de-tecnologia-en-san-isidro-843C7B0CAF719AD061373E686DCF3405
Computrabajo,SIMA PERÚ,Analista de Planificación y Control de la Producción,https://pe.computrabajo.com/ofertas-de-trabajo/oferta-de-trabajo-de-analista-de-planificacion-y-control-de-la-produccion-en-callao-621F655AC382555B61373E686DCF3405
Computrabajo,Solimano Asociados,Analista de Datos Senior,https://pe.computrabajo.com/ofertas-de-trabajo/oferta-de-trabajo-de-analista-de-datos-senior-rubro-retail-calzado-en-magdalena-del-mar-EC03EAD5C911D2A861373E686DCF3405
Computrabajo,Pulso Corporación Médica,Analista de Facturación / San Borja,https://pe.computrabajo.com/ofertas-de-trabajo/oferta-de-trabajo-de-analista-de-facturacion-san-borja-en-san-borja-E52C28BE2FE20C6161373E686DCF3405
Computrabajo,Partner Service,Analista de Datos Experto en Excel Avanzado / Santa Anita,https://pe.computrabajo.com/ofertas-de-trabajo/oferta-de-trabajo-de-analista-de-datos-experto-en-excel-avanzado-santa-anita-presencial-santa-anita-en-santa-anita-C35849401511301E61373E686DCF3405
Computrabajo,Capitale Consultores,Analista de Laboratorio Químico – Calidad / Turnos Rotativos / Lurín,https://pe.computrabajo.com/ofertas-de-trabajo/oferta-de-trabajo-de-analista-de-laboratorio-quimico-calidad-turnos-rotativos-lurin-lurin-en-lurin-C35E7E75521B230861373E686DCF3405
Computrabajo,TUKU SEGURIDAD CORPORATIVA,Analista de reclutamiento y selección de personal Trujillo,https://pe.computrabajo.com/ofertas-de-trabajo/oferta-de-trabajo-de-analista-de-reclutamiento-y-seleccion-de-personal-trujillo-recursos-humanos-en-trujillo-CCDD255B31409ED461373E686DCF3405
Computrabajo,"CIVIL MIND LLC, SUCURSAL DEL PERÚ",Analista Programador Senior C#,https://pe.computrabajo.com/ofertas-de-trabajo/oferta-de-trabajo-de-analista-programdor-senior-dynamo-bim-autodesk-csharp-freelance-en-miraflores-4FE8520DE92314E461373E686DCF3405
Computrabajo,,Analista SAP ABAP Senior,https://pe.computrabajo.com/ofertas-de-trabajo/oferta-de-trabajo-de-analista-sap-abap-senior-en-san-isidro-F3C5806B6BB25EB261373E686DCF3405
Computrabajo,S.G NATCLAR SAC,"Analista de laboratorio I/ Huancayo, Pasco y La Oroya",https://pe.computrabajo.com/ofertas-de-trabajo/oferta-de-trabajo-de-analista-de-laboratorio-i-huancayo-pasco-y-la-oroya-tecnicos-de-laboratorio-zona-centro-huancayo-pasco-y-la-oroya-en-huancayo-BD90354C444304E561373E686DCF3405
Computrabajo,INMGENIO SERVICIOS S.A.C,Analista de marketing,https://pe.computrabajo.com/ofertas-de-trabajo/oferta-de-trabajo-de-analista-de-marketing-inmobiliaria-en-san-borja-F1372737C81AE81261373E686DCF3405
Computrabajo,GRUPO BLINDADO,Se requiere Analista/Operador de centro de control para San Isidro,https://pe.computrabajo.com/ofertas-de-trabajo/oferta-de-trabajo-de-se-requiere-analistaoperador-de-centro-de-control-para-san-isidro-pago-completos-segun-ley-cts-gratificaciones-vacaciones-etc-en-san-isidro-1D4552F65228FEB561373E686DCF3405
Computrabajo,CAMARA DE COMERCIO EXTERIOR,Analista FullStack,https://pe.computrabajo.com/ofertas-de-trabajo/oferta-de-trabajo-de-analista-fullstack-en-san-isidro-A256D21BBFEBD63A61373E686DCF3405
Computrabajo,Overall Strategy,Analista de Planeamiento,https://pe.computrabajo.com/ofertas-de-trabajo/oferta-de-trabajo-de-analista-de-planeamiento-en-san-borja-74E14D0E721E58AE61373E686DCF3405
Computrabajo,SERVOSA,Analista de Operaciones / Proyecto Antamina,https://pe.computrabajo.com/ofertas-de-trabajo/oferta-de-trabajo-de-analista-de-operaciones-proyecto-antamina-puerto-supe-en-barranca-8261BCD0AC006F9B61373E686DCF3405
Computrabajo,Ransa Comercial  S.A.,Analista de Torre de Control,https://pe.computrabajo.com/ofertas-de-trabajo/oferta-de-trabajo-de-analista-de-torre-de-control-en-callao-29AEC5C33E735A5361373E686DCF3405
Computrabajo,Estacion de Servicios San Jose Espinar Cusco,Analista financiero,https://pe.computrabajo.com/ofertas-de-trabajo/oferta-de-trabajo-de-analista-financiero-en-paucarpata-A276AF51813B275961373E686DCF3405
Computrabajo,Overall Strategy,Analista de Créditos / Villa el Salvador,https://pe.computrabajo.com/ofertas-de-trabajo/oferta-de-trabajo-de-analista-de-creditos-villa-el-salvador-en-villa-el-salvador-B0CFA12C7898172461373E686DCF3405
Computrabajo,Valtx,¡Trabaja desde Casa! Analista de Reclamos/ Asistente administrativo/ Back Officer/Amdocs +Simple,https://pe.computrabajo.com/ofertas-de-trabajo/oferta-de-trabajo-de-trabaja-desde-casa-analista-de-reclamos-asistente-administrativo-back-officeramdocs-simple-ingreso-directo-a-planillabonos-desempeno-bono-por-movilidad-en-san-borja-A3FAE643E33F582561373E686DCF3405
Computrabajo,,Analista de Reclutamiento y Selección exp. pesca/ industrial,https://pe.computrabajo.com/ofertas-de-trabajo/oferta-de-trabajo-de-analista-de-reclutamiento-y-seleccion-exp-pesca-industrial-callao-temporal-en-callao-9AA540BE9714CCF861373E686DCF3405
Computrabajo,EDPYME INVERSIONES LA CRUZ,Analista de selección y contratación,https://pe.computrabajo.com/ofertas-de-trabajo/oferta-de-trabajo-de-analista-de-seleccion-y-contratacion-en-san-isidro-A54E2A3F6468AC8861373E686DCF3405
Computrabajo,Grupo Vanguard Internacional,Analista de Business Intelligence,https://pe.computrabajo.com/ofertas-de-trabajo/oferta-de-trabajo-de-analista-de-business-intelligence-en-ica-F1CF612919BA618461373E686DCF3405
Computrabajo,Coopac Kori,Analista de Crédito Grupal //La victoria,https://pe.computrabajo.com/ofertas-de-trabajo/oferta-de-trabajo-de-analista-de-credito-grupal-la-victoria-chiclayo-en-la-victoria-A91F26CCBB5F188661373E686DCF3405
Computrabajo,Coopac Kori,Analista de Crédito Grupal // Sin Experiencia / JLO,https://pe.computrabajo.com/ofertas-de-trabajo/oferta-de-trabajo-de-analista-de-credito-grupal-sin-experiencia-jlo-chiclayo-en-jose-leonardo-ortiz-65B01E104C06DD1B61373E686DCF3405
Computrabajo,Coopac Kori,Analista de Crédito Grupal // Sin Experiencia / Chiclayo,https://pe.computrabajo.com/ofertas-de-trabajo/oferta-de-trabajo-de-analista-de-credito-grupal-sin-experiencia-chiclayo-chiclayo-en-chiclayo-4CF1755E41E589F561373E686DCF3405
Computrabajo,CAC SANTO DOMINGO DE GUZMAN L,Analista de Créditos   Calca,https://pe.computrabajo.com/ofertas-de-trabajo/oferta-de-trabajo-de-analista-de-creditos--calca-calca-en-calca-057305EDFDBA3AD161373E686DCF3405
Computrabajo,,Analista Senior de Reclutamiento y Selección exp. masivos,https://pe.computrabajo.com/ofertas-de-trabajo/oferta-de-trabajo-de-analista-senior-de-reclutamiento-y-seleccion-exp-masivos-piura-temporal-en-piura-A4206EBEBE1A0A7A61373E686DCF3405
Computrabajo,Laboratorios Portugal,"Analista de Aseguramiento de la Calidad (Cifarma) / Lima, Perú",https://pe.computrabajo.com/ofertas-de-trabajo/oferta-de-trabajo-de-analista-de-aseguramiento-de-la-calidad-cifarma-lima-peru-en-santa-anita-2AAE4949DC5D638F61373E686DCF3405
Computrabajo,UNIMAQ S.A.,Analista de servicios CMC (Arequipa),https://pe.computrabajo.com/ofertas-de-trabajo/oferta-de-trabajo-de-analista-de-servicios-cmc-arequipa-en-arequipa-6BBA3ADCBEE89C2F61373E686DCF3405
Computrabajo,Marco Marketing,Analista de Estrategia Comercial – Post Venta,https://pe.computrabajo.com/ofertas-de-trabajo/oferta-de-trabajo-de-analista-de-estrategia-comercial-post-venta-tecnologia-en-san-isidro-804D50A5B518830B61373E686DCF3405
Computrabajo,Adecco Perú S.A.,Analista de Negocios II BCA/Juliaca/Puno,https://pe.computrabajo.com/ofertas-de-trabajo/oferta-de-trabajo-de-analista de negocios ii bcajuliacapuno-en-juliaca-CCCA26E8821258CA61373E686DCF3405
Computrabajo,,Analista Senior de Reclutamiento y Selección exp. masivos industrial,https://pe.computrabajo.com/ofertas-de-trabajo/oferta-de-trabajo-de-analista-senior-de-reclutamiento-y-seleccion-exp-masivos-industrial-cia-presencial-san-juan-de-lurigancho-en-san-juan-de-lurigancho-60C84CAE11CF946E61373E686DCF3405
Computrabajo,VIDAWASI,Analista Senior de Cooperación,https://pe.computrabajo.com/ofertas-de-trabajo/oferta-de-trabajo-de-analista-senior-de-cooperacion-vidawasi-peru-en-san-isidro-CE252C250036063461373E686DCF3405
Computrabajo,Trupal S.A.,Analista Diseñador Gráfico,https://pe.computrabajo.com/ofertas-de-trabajo/oferta-de-trabajo-de-analista-disenador-grafico-en-lurigancho-1DBA2A18805D7C8F61373E686DCF3405
Computrabajo,Los Portales,Analista Programador SAP,https://pe.computrabajo.com/ofertas-de-trabajo/oferta-de-trabajo-de-analista-programador-sap-en-magdalena-del-mar-BE8170DA322F63D161373E686DCF3405
Computrabajo,Lacteos Duman SAC,Analista de Logística,https://pe.computrabajo.com/ofertas-de-trabajo/oferta-de-trabajo-de-analista-de-logistica-ventanilla-en-ventanilla-43AC81BBDF64C2A561373E686DCF3405
Computrabajo,CHICHARRONES KIO,Analista comercial,https://pe.computrabajo.com/ofertas-de-trabajo/oferta-de-trabajo-de-analista-comercial-san-juan-de-miraflores-en-san-juan-de-miraflores-80D409D0A31F525A61373E686DCF3405
Computrabajo,ROMAN TAX&LEGAL,Analista para cumplimiento tributario,https://pe.computrabajo.com/ofertas-de-trabajo/oferta-de-trabajo-de-analista-para-cumplimiento-tributario-analista-tributario-en-jesus-maria-B18CD14B7EAF99EC61373E686DCF3405
Computrabajo,Energia Integral Andina SA,Analista de compras y logística,https://pe.computrabajo.com/ofertas-de-trabajo/oferta-de-trabajo-de-analista-de-compras-y-logistica-presencial-en-san-isidro-3C65D043367032C861373E686DCF3405
Computrabajo,,analista de finanzas,https://pe.computrabajo.com/ofertas-de-trabajo/oferta-de-trabajo-de-analista-de-finanzas-en-san-isidro-B7ADEEB216F748E061373E686DCF3405
Computrabajo,Overall Strategy,Analista de Aseguramiento de Calidad / Sector Alimentos / Trujillo Moche,https://pe.computrabajo.com/ofertas-de-trabajo/oferta-de-trabajo-de-analista-de-aseguramiento-de-calidad-sector-alimentos-trujillo-moche-procesador-de-datos-de-calidad-horarios-rotativos-en-moche-0AE9334BDD9CC9EB61373E686DCF3405
Computrabajo,EXPERTIS,Analista de reclutamiento y selección,https://pe.computrabajo.com/ofertas-de-trabajo/oferta-de-trabajo-de-analista-de-reclutamiento-y-seleccion-en-santiago-de-surco-93E13BF7173F577761373E686DCF3405
Computrabajo,DUPERU,Analista digital / Lurín,https://pe.computrabajo.com/ofertas-de-trabajo/oferta-de-trabajo-de-analista-digital-lurin-en-lurin-E6471F768D77F35361373E686DCF3405
Computrabajo,,Analista de tesorería y presupuestos,https://pe.computrabajo.com/ofertas-de-trabajo/oferta-de-trabajo-de-analista-de-tesoreria-y-presupuestos-en-independencia-A3CFA73F7F1FE93461373E686DCF3405
Computrabajo,Adecco Perú S.A.,Analista de Campo PYME / Planilla BCP,https://pe.computrabajo.com/ofertas-de-trabajo/oferta-de-trabajo-de-analista-de-campo-pyme-planilla-bcp-en-santiago-de-surco-C186A7B3E07A386461373E686DCF3405
Computrabajo,Laboratorios Portugal,Analista / Asistente de Búsqueda de Talento – Campo,https://pe.computrabajo.com/ofertas-de-trabajo/oferta-de-trabajo-de-analista-asistente-de-busqueda-de-talento-campo-en-arequipa-C4CB402047B652AD61373E686DCF3405
Computrabajo,Manpower,Analista de Mercadeo – Sector Agroquímico – Magdalena del Mar (Ref. 93074),https://pe.computrabajo.com/ofertas-de-trabajo/oferta-de-trabajo-de-analista-de-mercadeo-sector-agroquimico-magdalena-del-mar-ref-93074-en-magdalena-del-mar-0231ACFC4547D0F161373E686DCF3405
Computrabajo,CHICHARRONES KIO,Analista comercial,https://pe.computrabajo.com/ofertas-de-trabajo/oferta-de-trabajo-de-analista-comercial-san-juan-de-miraflores-en-san-miguel-5137725F8A658DE261373E686DCF3405
Computrabajo,CIRSA,Analista Legal Senior I LAFT,https://pe.computrabajo.com/ofertas-de-trabajo/oferta-de-trabajo-de-analista-legal-senior-i-laft-en-lima-BD403839207087A761373E686DCF3405
Computrabajo,Gamma Cargo SAC,Analista de tratados y convenios internacionales,https://pe.computrabajo.com/ofertas-de-trabajo/oferta-de-trabajo-de-analista-de-tratados-y-convenios-internacionales-en-san-miguel-61C2CC792117848461373E686DCF3405
Computrabajo,I-RUN,Analista de compras,https://pe.computrabajo.com/ofertas-de-trabajo/oferta-de-trabajo-de-analista-de-compras-en-lima-9820683A107A1EC061373E686DCF3405
Computrabajo,Universidad Continental,"Analista de Infraestructura, Obras y Mantenimiento",https://pe.computrabajo.com/ofertas-de-trabajo/oferta-de-trabajo-de-analista-de-infraestructura-obras-y-mantenimiento-ayacucho-en-ayacucho-8BC359512099FAB261373E686DCF3405
Computrabajo,MAGNEX GROUP PERU S.A.C.,Analista TIC,https://pe.computrabajo.com/ofertas-de-trabajo/oferta-de-trabajo-de-analista-tic-en-san-isidro-6D20A1BA8C7E935161373E686DCF3405
Computrabajo,,Analista comercial,https://pe.computrabajo.com/ofertas-de-trabajo/oferta-de-trabajo-de-analista-comercial-piura-en-piura-4031A7A1824E683561373E686DCF3405
Computrabajo,Salesland Pacífico,Analista de captación,https://pe.computrabajo.com/ofertas-de-trabajo/oferta-de-trabajo-de-analista-de-captacion-junior-en-la-victoria-DCCE541B71C2DDF061373E686DCF3405
Computrabajo,VSI Industrial S.A.C.,"Analista de planeamiento de demanda/ Grupo Vainsa/ Sede Camacho, la Molina",https://pe.computrabajo.com/ofertas-de-trabajo/oferta-de-trabajo-de-analista-de-planeamiento-de-demanda-grupo-vainsa-sede-camacho-la-molina-area-de-inteligencia-comercial-en-la-molina-F9E999879855FB9F61373E686DCF3405
Computrabajo,,Analista de Operaciones Omnicanal,https://pe.computrabajo.com/ofertas-de-trabajo/oferta-de-trabajo-de-analista-de-operaciones-omnicanal-en-lima-913358027C1C460A61373E686DCF3405
Computrabajo,BASIC21,analista de inventarios,https://pe.computrabajo.com/ofertas-de-trabajo/oferta-de-trabajo-de-analista-de-inventarios-marca-mayorista-de-ropa-en-la-victoria-54BD0F03419172D761373E686DCF3405
Computrabajo,LAVANDERIA INDUSTRIAL LANDEO S.A.C.,Analista de Procesos  Textil,https://pe.computrabajo.com/ofertas-de-trabajo/oferta-de-trabajo-de-analista-de-procesos-textil-lavanderia-en-lima-32D59AC182BEAA7161373E686DCF3405
Computrabajo,Valtx,Analista programador java senior,https://pe.computrabajo.com/ofertas-de-trabajo/oferta-de-trabajo-de-analista-programador-java-senior-en-san-isidro-4186F086D8AB3F5461373E686DCF3405
Computrabajo,Grupo Pionier,"Analista de Comercio Exterior / Exp. Importaciones / Con Inglés Avanzado. Sede: Zárate, SJL",https://pe.computrabajo.com/ofertas-de-trabajo/oferta-de-trabajo-de-analista-de-comercio-exterior-exp-importaciones-con-ingles-avanzado-sede-zarate-sjl-en-san-juan-de-lurigancho-AB9260F35F3AB06461373E686DCF3405
Computrabajo,Grupo Advincula - La Leña,Analista de Seguridad y Salud en el Trabajo / Planta de Alimentos,https://pe.computrabajo.com/ofertas-de-trabajo/oferta-de-trabajo-de-analista-de-seguridad-y-salud-en-el-trabajo-planta-de-alimentos-en-lima-37AB438861B0F30A61373E686DCF3405
Computrabajo,Grupo Advincula - La Leña,Analista de Inventario / Planta de Alimentos,https://pe.computrabajo.com/ofertas-de-trabajo/oferta-de-trabajo-de-analista-de-inventario-planta-de-alimentos-en-lima-8189340DA3CBF2E861373E686DCF3405
Computrabajo,Ablimatex Export SAC,Analista Desarrollo del producto Textil,https://pe.computrabajo.com/ofertas-de-trabajo/oferta-de-trabajo-de-analista-desarrollo-del-producto-textil-la-victoria-en-la-victoria-1398C53A694D7CE961373E686DCF3405
Computrabajo,Grupo Vega,Analista de remuneraciones /Comas,https://pe.computrabajo.com/ofertas-de-trabajo/oferta-de-trabajo-de-analista-de-remuneraciones-comas-en-comas-B3A813652730CC4061373E686DCF3405
Computrabajo,Ablimatex Export SAC,Analista de Fichas Textil,https://pe.computrabajo.com/ofertas-de-trabajo/oferta-de-trabajo-de-analista-de-fichas-textil-la-victoria-en-la-victoria-4243C9516A2D2DD261373E686DCF3405
Computrabajo,MARINASOL,Analista de contabilidad,https://pe.computrabajo.com/ofertas-de-trabajo/oferta-de-trabajo-de-analista-de-contabilidad-tumbes-en-tumbes-F988C16C2C61476661373E686DCF3405
Computrabajo,Manpower,Analista de Inteligencia Comercial / Power BI / Trade Marketing,https://pe.computrabajo.com/ofertas-de-trabajo/oferta-de-trabajo-de-analista-de-inteligencia-comercial-power-bi-trade-marketing-ref-93431-en-san-isidro-2F141B1A5BDA6C0561373E686DCF3405
Computrabajo,leite,Analista de Calidad  Turnos 08 hrs Rotativo,https://pe.computrabajo.com/ofertas-de-trabajo/oferta-de-trabajo-de-analista-de-calidad-turnos-08-hrs-rotativo-lurin-en-lurin-9D3E0B4CA80EBC9361373E686DCF3405
Computrabajo,SIGNIA SOLUCIONES LOGISTICAS S.A.C.,Analista de aseguramiento de la calidad,https://pe.computrabajo.com/ofertas-de-trabajo/oferta-de-trabajo-de-analista-de-aseguramiento-de-la-calidad-ejecutivo-de-servicios-complementarios-en-ate-D9E7AFEA979C4BAD61373E686DCF3405
Computrabajo,PROMOTICK S.A.C.,Analista Programador,https://pe.computrabajo.com/ofertas-de-trabajo/oferta-de-trabajo-de-analista-programador-spring-en-miraflores-82E11E83EE324A3461373E686DCF3405
Computrabajo,CAMARA DE COMERCIO EXTERIOR,Analista de Datos,https://pe.computrabajo.com/ofertas-de-trabajo/oferta-de-trabajo-de-analista-de-datos-en-san-isidro-965528AD03D313D161373E686DCF3405
Computrabajo,FOOD NUTRITION,Analista de costos,https://pe.computrabajo.com/ofertas-de-trabajo/oferta-de-trabajo-de-analista-de-costos-en-villa-el-salvador-60992569EEA2703D61373E686DCF3405
Computrabajo,,Analista Senior de Planeamiento Estratégico,https://pe.computrabajo.com/ofertas-de-trabajo/oferta-de-trabajo-de-analista-senior-de-planeamiento-estrategico-en-lima-C25BE034B635B92161373E686DCF3405
Computrabajo,I-RUN,Analista Senior de Contabilidad,https://pe.computrabajo.com/ofertas-de-trabajo/oferta-de-trabajo-de-analista-senior-de-contabilidad-en-lima-2EE51DAFBA19563961373E686DCF3405
Computrabajo,Adecco Perú S.A.,Analista de logística,https://pe.computrabajo.com/ofertas-de-trabajo/oferta-de-trabajo-de-analista-de-logistica-congelados-perecibles-en-villa-el-salvador-0B45B5D715EBE7C861373E686DCF3405
Computrabajo,IGID SOCIEDAD ANONIMA CERRADA,Analista de Medios Digitales,https://pe.computrabajo.com/ofertas-de-trabajo/oferta-de-trabajo-de-analista-de-medios-digitales-paid-media-en-san-isidro-5E63442B1D5BF8E761373E686DCF3405
Computrabajo,venta de repuestos automotriz,Kardista y analista de inventario,https://pe.computrabajo.com/ofertas-de-trabajo/oferta-de-trabajo-de-kardista-y-analista-de-inventario-kardista-junior-para-cono-norte-en-carabayllo-9D88F2D160D395AF61373E686DCF3405
Computrabajo,Empresa del sector publicitario,analista de presupuesto,https://pe.computrabajo.com/ofertas-de-trabajo/oferta-de-trabajo-de-analista-de-presupuesto-publicidad-y-produccion-en-arequipa-FAD7C52A9502A72F61373E686DCF3405
Computrabajo,A TRES CONSULTORES S.A.C.,Analista Contable,https://pe.computrabajo.com/ofertas-de-trabajo/oferta-de-trabajo-de-analista-contable-en-lince-94091861029B594561373E686DCF3405
Computrabajo,SIGNIA SOLUCIONES LOGISTICAS S.A.C.,Analista de Facturación y Cobranzas,https://pe.computrabajo.com/ofertas-de-trabajo/oferta-de-trabajo-de-analista-de-facturacion-y-cobranzas-operador-logistico-en-ate-328E02B957ABEBE861373E686DCF3405
Computrabajo,COOPAC Crl Francisco Bolognesi  LTDA,analista de créditos,https://pe.computrabajo.com/ofertas-de-trabajo/oferta-de-trabajo-de-analista-de-creditos-y-cobranza-turno-manana-con-experiencia-en-barranco-907518A63B27CCC861373E686DCF3405
Computrabajo,Overall Strategy,Analista de Formación,https://pe.computrabajo.com/ofertas-de-trabajo/oferta-de-trabajo-de-analista-de-formacion-en-santiago-de-surco-858EA4DE0FA9F80F61373E686DCF3405
Computrabajo,Overall Strategy,Analista de Créditos Paucarpata,https://pe.computrabajo.com/ofertas-de-trabajo/oferta-de-trabajo-de-analista-de-creditos-paucarpata-arequipa-en-paucarpata-6A823F6FED8C987761373E686DCF3405
Computrabajo,,Analista Legal Colegiado,https://pe.computrabajo.com/ofertas-de-trabajo/oferta-de-trabajo-de-analista-legal-colegiado-en-la-molina-8E0E5075B5618AB361373E686DCF3405
Computrabajo,Overall Strategy,Analista de Créditos / Huancavelica / Básico 2000 + Bonos + Comisiones,https://pe.computrabajo.com/ofertas-de-trabajo/oferta-de-trabajo-de-analista-de-creditos-huancavelica-basico-2000-bonos-comisiones-en-huancavelica-E1CAA4FFD228804561373E686DCF3405
Computrabajo,,Analista Senior de Reclutamiento y Selección,https://pe.computrabajo.com/ofertas-de-trabajo/oferta-de-trabajo-de-analista-senior-de-reclutamiento-y-seleccion-en-lima-ECA1FF9B47BE293761373E686DCF3405
Computrabajo,Financiera Confianza,Analista de Riesgo Operacional,https://pe.computrabajo.com/ofertas-de-trabajo/oferta-de-trabajo-de-analista-de-riesgo-operacional-en-san-isidro-229894EFDE1CF27A61373E686DCF3405
Computrabajo,Textile Sourcing Company S.A.C,Analista de costos,https://pe.computrabajo.com/ofertas-de-trabajo/oferta-de-trabajo-de-analista-de-costos-contabilidad-en-chincha-alta-01EBB737FDEBBD4461373E686DCF3405
Computrabajo,Ceva Logistics Perú S.R.L.,Analista de Mejora Continua BPE,https://pe.computrabajo.com/ofertas-de-trabajo/oferta-de-trabajo-de-analista-de-mejora-continua-bpe-villa-el-salvador-en-villa-el-salvador-F0BBA0855D97C6D461373E686DCF3405
Computrabajo,Tandem Eje de soluciones Integrales,Analista desarrollador,https://pe.computrabajo.com/ofertas-de-trabajo/oferta-de-trabajo-de-analista-desarrollador-en-chorrillos-8008D852AEC1721861373E686DCF3405
Computrabajo,,Analista de ssoma,https://pe.computrabajo.com/ofertas-de-trabajo/oferta-de-trabajo-de-analista-de-ssoma-planta-industrial-en-villa-el-salvador-446BBC58FB337EFC61373E686DCF3405
Computrabajo,Empresa líder del rubro textil,Analista de Compras / Importaciones / Inglés Avanzado,https://pe.computrabajo.com/ofertas-de-trabajo/oferta-de-trabajo-de-analista-de-compras-importaciones-ingles-avanzado-sjl-zarate-en-san-juan-de-lurigancho-DAD601F5926DCADD61373E686DCF3405
Computrabajo,MEDIFARMA,Analista Senior de Control de Estabilidad,https://pe.computrabajo.com/ofertas-de-trabajo/oferta-de-trabajo-de-analista-senior-de-control-de-estabilidad-area-control-de-calidad-ate-en-lima-1E674035D6C6814C61373E686DCF3405
Computrabajo,Platanitos Boutique,Analista de compras,https://pe.computrabajo.com/ofertas-de-trabajo/oferta-de-trabajo-de-analista-de-compras-en-ate-83A6FA8681F5F1CC61373E686DCF3405
Computrabajo,MEDIFARMA,Químico Farmacéutico / Analista de Investigación Analítica,https://pe.computrabajo.com/ofertas-de-trabajo/oferta-de-trabajo-de-quimico-farmaceutico-analista-de-investigacion-analitica-trabajo-en-ate-en-lima-813943520D6CC69B61373E686DCF3405
Computrabajo,UNILENE S.A.C.,Analista de Control de Calidad Fisicoquímico,https://pe.computrabajo.com/ofertas-de-trabajo/oferta-de-trabajo-de-analista-de-control-de-calidad-fisicoquimico-en-lima-DA150AB8E1CF141161373E686DCF3405
Computrabajo,,Analista QHSE (Lurin KM 40),https://pe.computrabajo.com/ofertas-de-trabajo/oferta-de-trabajo-de-analista-qhse-lurin-km-40-lurin-km-40-en-lurin-4F6E645EAF6D5A2361373E686DCF3405
Computrabajo,Manpower,Analista Comercial/ Ingeniería de Sistemas REF:90924,https://pe.computrabajo.com/ofertas-de-trabajo/oferta-de-trabajo-de-analista-comercial-ingenieria-de-sistemas-ref90924-en-ate-FF60380BDBBF75DF61373E686DCF3405
Computrabajo,Empresa Industrial,"Analista de Administración (Con exp en créditos, cobranzas y tesorería)",https://pe.computrabajo.com/ofertas-de-trabajo/oferta-de-trabajo-de-analista-de-administracion-con-exp-en-creditos-cobranzas-y-tesoreria-en-carabayllo-E4F11E8DA57FB90F61373E686DCF3405
Computrabajo,CAJA AREQUIPA,Analista de créditos sin experiencia / Tambopata,https://pe.computrabajo.com/ofertas-de-trabajo/oferta-de-trabajo-de-analista-de-creditos-sin-experiencia-tambopata-en-tambopata-1B3F37220EA99AD861373E686DCF3405
Computrabajo,Organización de Cooperación Internacional,Analista Logístico,https://pe.computrabajo.com/ofertas-de-trabajo/oferta-de-trabajo-de-analista-logistico-administradores-en-lima-A1B55E9959CC81C761373E686DCF3405
Computrabajo,,Analista de compras,https://pe.computrabajo.com/ofertas-de-trabajo/oferta-de-trabajo-de-analista-de-compras-en-san-borja-A775BD451DD4207761373E686DCF3405
Computrabajo,Manpower,Analista de Laboratorio / Sector : Industrial : hidrocarburos / Callao,https://pe.computrabajo.com/ofertas-de-trabajo/oferta-de-trabajo-de-analista-de-laboratorio-sector-industrial-hidrocarburos-callao-en-peru-D8D6EC5DE93AE5F061373E686DCF3405
Computrabajo,,Analista Programador de aplicaciones en entornos WEB,https://pe.computrabajo.com/ofertas-de-trabajo/oferta-de-trabajo-de-analista-programador-de-aplicaciones-en-entornos-web-en-la-molina-D27DA6A82725CAE761373E686DCF3405
Computrabajo,,Analista de Bienestar Social,https://pe.computrabajo.com/ofertas-de-trabajo/oferta-de-trabajo-de-analista-de-bienestar-social-en-san-isidro-72DDA681893550B761373E686DCF3405
Computrabajo,Grupo Vanguard Internacional,Analista de Marketing Publicidad y Eventos Corporativo,https://pe.computrabajo.com/ofertas-de-trabajo/oferta-de-trabajo-de-analista-de-marketing-publicidad-y-eventos-corporativo-en-lima-6726C61EF4FF4EF461373E686DCF3405
Computrabajo,El Pedregal,"Analista de Logística, Agroindustria, Ica",https://pe.computrabajo.com/ofertas-de-trabajo/oferta-de-trabajo-de-analista-de-logistica-agroindustria-ica-ica-en-ica-59A83DBB969E959D61373E686DCF3405
Computrabajo,Coopac Kori,Analista de credito grupal Ica,https://pe.computrabajo.com/ofertas-de-trabajo/oferta-de-trabajo-de-analista-de-credito-grupal-ica-en-ica-51AAEF7CD6F162AA61373E686DCF3405
Computrabajo,CORPORACION SOLUCIONES DE GESTION SOCIEDAD ANONIMA CERRADA - CORPORACION SOLUCIONES DE GESTION S.A.C,Analista de Campo,https://pe.computrabajo.com/ofertas-de-trabajo/oferta-de-trabajo-de-analista-de-campo-en-arequipa-DE6D7DB66D3D9CE461373E686DCF3405
Computrabajo,Método Paolo Valera EIRL,Analista de Costos y presupuestos,https://pe.computrabajo.com/ofertas-de-trabajo/oferta-de-trabajo-de-analista-de-costos-y-presupuestos-planificacion-estrategica-en-san-miguel-8EA6178E3D10A0E861373E686DCF3405
Computrabajo,,Analista de Equipamiento y Entrega,https://pe.computrabajo.com/ofertas-de-trabajo/oferta-de-trabajo-de-analista-de-equipamiento-y-entrega-en-san-borja-4E9517FB9D2F1E3261373E686DCF3405
Computrabajo,GEOSATELITAL,Analista de Inteligencia Comercial BI,https://pe.computrabajo.com/ofertas-de-trabajo/oferta-de-trabajo-de-analista-de-inteligencia-comercial-bi-independencia-en-independencia-7155BB7107D9EB0E61373E686DCF3405
Computrabajo,Coopac Kori,Analista de Crédito Grupal // Sin Experiencia / JLO,https://pe.computrabajo.com/ofertas-de-trabajo/oferta-de-trabajo-de-analista-de-credito-grupal-sin-experiencia-jlo-chiclayo-en-jose-leonardo-ortiz-003A54891F57E7B361373E686DCF3405
Computrabajo,,Analista de administración de personal/ Rubro Minero,https://pe.computrabajo.com/ofertas-de-trabajo/oferta-de-trabajo-de-analista-de-administracion-de-personal-rubro-minero-ica-en-ica-ECF2ADEAA807207F61373E686DCF3405
Computrabajo,Coopac Kori,Analista de Crédito Grupal // Sin Experiencia / Chiclayo,https://pe.computrabajo.com/ofertas-de-trabajo/oferta-de-trabajo-de-analista-de-credito-grupal-sin-experiencia-chiclayo-chiclayo-en-chiclayo-858CE94709E9B9A361373E686DCF3405
Computrabajo,Valtx,¡Trabaja desde Casa! Analista de Reclamos/ Asistente administrativo/ Back Officer/Amdocs +Simple,https://pe.computrabajo.com/ofertas-de-trabajo/oferta-de-trabajo-de-trabaja-desde-casa-analista-de-reclamos-asistente-administrativo-back-officeramdocs-simple-ingreso-directo-a-planillabonos-desempeno-bono-por-movilidad-en-san-borja-8B9707FAE4B715C061373E686DCF3405
Computrabajo,INMGENIO SERVICIOS S.A.C,Practicante comercial,https://pe.computrabajo.com/ofertas-de-trabajo/oferta-de-trabajo-de-practicante-comercial-inmobiliaria-en-san-borja-716A91D2EC05891461373E686DCF3405
Computrabajo,,Jefe de Seguridad de la Información,https://pe.computrabajo.com/ofertas-de-trabajo/oferta-de-trabajo-de-jefe-de-seguridad-de-la-informacion-chorrillos-en-chorrillos-51073E8F26AF320061373E686DCF3405
Computrabajo,,Supervisor de Planta,https://pe.computrabajo.com/ofertas-de-trabajo/oferta-de-trabajo-de-supervisor-de-planta-en-pachacamac-25C51BB925D22CC361373E686DCF3405
Computrabajo,Partner Service,Se solicita Monitor de calidad /Trabaja de L a V 4ama2pm /Descansa fines de semana!!,https://pe.computrabajo.com/ofertas-de-trabajo/oferta-de-trabajo-de-se-solicita-monitor-de-calidad-trabaja-de-l-a-v-4ama2pm-descansa-fines-de-semana-sede-santa-anita-exp-en-call-center-en-el-agustino-DF44FFAA0BF2C52761373E686DCF3405
Computrabajo,CP Group,Cocinero,https://pe.computrabajo.com/ofertas-de-trabajo/oferta-de-trabajo-de-cocinero-para-operacion-minera-en-candarave-7453A30A20602E4F61373E686DCF3405
Computrabajo,CP Group,Vajillero,https://pe.computrabajo.com/ofertas-de-trabajo/oferta-de-trabajo-de-vajillero-para-campamento-minero-en-candarave-85A3EE3E99C2A54161373E686DCF3405
Computrabajo,Prosegur,Supervisor Nacional de Gestión de Efectivo,https://pe.computrabajo.com/ofertas-de-trabajo/oferta-de-trabajo-de-supervisor-nacional-de-gestion-de-efectivo-supervisor-de-planta-cajascreditosfinanzasoperaciones-en-surco-FD74010BEBB3323161373E686DCF3405
Computrabajo,Grupo Vanguard Internacional,Supervisor de Calidad Campo Arándano,https://pe.computrabajo.com/ofertas-de-trabajo/oferta-de-trabajo-de-supervisor-de-calidad-campo-arandano-en-pisco-B869BDF8E6227F4961373E686DCF3405
Computrabajo,QUIMPAC S.A.,Practicante de Data Engineer,https://pe.computrabajo.com/ofertas-de-trabajo/oferta-de-trabajo-de-practicante-de-data-engineer-en-callao-DF5EFDD15951170761373E686DCF3405
Computrabajo,,Urgente Asistente de Asuntos Regulatorios  San Isidro,https://pe.computrabajo.com/ofertas-de-trabajo/oferta-de-trabajo-de-urgente-asistente-de-asuntos-regulatorios-san-isidro-en-san-isidro-79F327566BC6234A61373E686DCF3405
Computrabajo,MEDIFARMA,Tecnico de control de calidad / industria farmaceutica /  turnos rotativos,https://pe.computrabajo.com/ofertas-de-trabajo/oferta-de-trabajo-de-tecnico-de-control-de-calidad-industria-farmaceutica--turnos-rotativos-en-lima-44B0A9FD957BF82C61373E686DCF3405
Computrabajo,Partner Service,Se solicita Monitor de calidad /Trabaja de L a V 4ama2pm /Descansa fines de semana!!,https://pe.computrabajo.com/ofertas-de-trabajo/oferta-de-trabajo-de-se-solicita-monitor-de-calidad-trabaja-de-l-a-v-4ama2pm-descansa-fines-de-semana-sede-santa-anita-exp-en-call-center-en-santa-anita-73685DAF55C2134F61373E686DCF3405
Computrabajo,Aadaru,Asistente de Auditoría,https://pe.computrabajo.com/ofertas-de-trabajo/oferta-de-trabajo-de-asistente-de-auditoria-en-la-molina-C5A4B2FE1E07452461373E686DCF3405
Computrabajo,LARI CONTRATISTAS S.A.C.,Auxiliar Legal,https://pe.computrabajo.com/ofertas-de-trabajo/oferta-de-trabajo-de-auxiliar-legal-en-lima-48CC554D536889DE61373E686DCF3405
Computrabajo,ISOS GROUP,Coordinador de Laboratorio de Ensayos,https://pe.computrabajo.com/ofertas-de-trabajo/oferta-de-trabajo-de-coordinador-de-laboratorio-de-ensayos-en-arequipa-9B3824B3DB6279F961373E686DCF3405
Computrabajo,Caja Rural de Ahorro y Credito Los Andes S.A.,Jefe de Oficina,https://pe.computrabajo.com/ofertas-de-trabajo/oferta-de-trabajo-de-jefe-de-oficina-pichanaqui-en-pichanaqui-18C261F48DD192E761373E686DCF3405
Computrabajo,GLOBAL FIBER PERU,Asistente de Planeamiento Financiero,https://pe.computrabajo.com/ofertas-de-trabajo/oferta-de-trabajo-de-asistente-de-planeamiento-financiero-miraflores-en-miraflores-74B9748FBACC16CC61373E686DCF3405
Computrabajo,Adecco Perú S.A.,Practicante Pre Profesional COE Model Risk Management,https://pe.computrabajo.com/ofertas-de-trabajo/oferta-de-trabajo-de-practicante-pre-profesional-coe-model-risk-management-en-la-molina-C5CEF8609379028861373E686DCF3405
Computrabajo,Grupo Vega,Supervisor de ssoma /Comas,https://pe.computrabajo.com/ofertas-de-trabajo/oferta-de-trabajo-de-supervisor-de-ssoma-comas-en-comas-284D7D578C46D37E61373E686DCF3405
Computrabajo,NATU PERU,AnalistaTI / Sede Piura,https://pe.computrabajo.com/ofertas-de-trabajo/oferta-de-trabajo-de-analistati-sede-piura-en-miraflores-41FB9F18B66DECEF61373E686DCF3405
Computrabajo,Manpower,Asistente de Administración de Personal / Rubro Seguros,https://pe.computrabajo.com/ofertas-de-trabajo/oferta-de-trabajo-de-asistente-de-administracion-de-personal-rubro-seguros-planilla-completa-en-san-isidro-C7A7D28CF7F6F35661373E686DCF3405
Computrabajo,APPLUS NORCONTROL PERU S.A.C.,Digitador SAP / Ate,https://pe.computrabajo.com/ofertas-de-trabajo/oferta-de-trabajo-de-digitador-sap-ate-en-ate-68F0AEA5A726360D61373E686DCF3405
Computrabajo,,Coordinador logístico,https://pe.computrabajo.com/ofertas-de-trabajo/oferta-de-trabajo-de-coordinador-logistico-en-comas-A2FB6A31509E543F61373E686DCF3405
Computrabajo,Manpower,Secretaria / Temporal / San Isidro,https://pe.computrabajo.com/ofertas-de-trabajo/oferta-de-trabajo-de-secretaria-temporal-san-isidro-en-san-isidro-4EB9BD3743375EB561373E686DCF3405
Computrabajo,Ransa Comercial  S.A.,Supervisor HSE (Lima y Callao),https://pe.computrabajo.com/ofertas-de-trabajo/oferta-de-trabajo-de-supervisor-hse-lima-y-callao-en-callao-C5DEC5F63EA6A3A861373E686DCF3405
Computrabajo,Tandem Eje de soluciones Integrales,Coordinador de Reclutamiento y selección,https://pe.computrabajo.com/ofertas-de-trabajo/oferta-de-trabajo-de-coordinador-de-reclutamiento-y-seleccion-procesos-masivos-en-chorrillos-881248598EC0B5CA61373E686DCF3405
Computrabajo,SOHO COLOR,Asistente  de contabilidad,https://pe.computrabajo.com/ofertas-de-trabajo/oferta-de-trabajo-de-asistente-de-contabilidad-en-lima-BC726C4DBF63485E61373E686DCF3405
Computrabajo,Representaciones Castillo S.A.,Asistente de riesgos y recuperos,https://pe.computrabajo.com/ofertas-de-trabajo/oferta-de-trabajo-de-asistente-de-riesgos-y-recuperos-huancayo-en-huancayo-E3050FF7A686B89061373E686DCF3405
Computrabajo,GEA Internacional,San Isidro / Recepcionista de llamadas / Ingreso Inmediato,https://pe.computrabajo.com/ofertas-de-trabajo/oferta-de-trabajo-de-san-isidro-recepcionista-de-llamadas-ingreso-inmediato-call-center-san-isidro-asesor-en-san-isidro-C07D60EDDE1EC34E61373E686DCF3405
Computrabajo,GEA Internacional,San Isidro / Recepcionista de llamadas / Ingreso Inmediato,https://pe.computrabajo.com/ofertas-de-trabajo/oferta-de-trabajo-de-san-isidro-recepcionista-de-llamadas-ingreso-inmediato-call-center-san-isidro-asesor-en-san-isidro-40690D88A7C58F9B61373E686DCF3405
Computrabajo,INDRA,Consultor SAP MM,https://pe.computrabajo.com/ofertas-de-trabajo/oferta-de-trabajo-de-consultor-sap-mm-en-san-isidro-D5EFDB15AB1A2AEE61373E686DCF3405
Computrabajo,Eurofirms Perú,Consejero/ Lurín o aledaños,https://pe.computrabajo.com/ofertas-de-trabajo/oferta-de-trabajo-de-consejero-lurin-o-aledanos-en-lurin-C7CBE376CB9C67FB61373E686DCF3405
Computrabajo,Aqa Quimica S.A.,"Ing. Químico, Industrial, Sanitario, Ambiental y Petroquimico, Quimico",https://pe.computrabajo.com/ofertas-de-trabajo/oferta-de-trabajo-de-ing-quimico-industrial-sanitario-ambiental-y-petroquimico-quimico-cargo-asesor-tecnico-comercial-en-magdalena-del-mar-C57C20140BAD5BB261373E686DCF3405
Computrabajo,Grupo AUNA,Ejecutivo de punto de venta Auna / Planilla completa  + Comisiones +Tarjeta de alimentos // Chiclayo,https://pe.computrabajo.com/ofertas-de-trabajo/oferta-de-trabajo-de-ejecutivo-de-punto-de-venta-auna-planilla-completa--comisiones-tarjeta-de-alimentos-chiclayo-asesor-comercial-ejecutivo-de-ventas-en-chiclayo-94326320704C5A4561373E686DCF3405
Computrabajo,Marpatech SAC,Ingeniero Electrónico / Mecatrónico o carreras afines,https://pe.computrabajo.com/ofertas-de-trabajo/oferta-de-trabajo-de-ingeniero-electronico-mecatronico-o-carreras-afines-asesor-tecnico-comercial-instalaciones-y-preventa-en-piura-DA8EB1922625D11661373E686DCF3405
Computrabajo,Manpower,Consultor/a de Reclutamiento y Selección (Arequipa),https://pe.computrabajo.com/ofertas-de-trabajo/oferta-de-trabajo-de-consultora-de-reclutamiento-y-seleccion-arequipa-ref-42848-en-arequipa-19CD1DB93565FB9E61373E686DCF3405
Computrabajo,Manpower,Consultor de Selección  (Arequipa),https://pe.computrabajo.com/ofertas-de-trabajo/oferta-de-trabajo-de-consultor-de-seleccion-arequipa-ref-42848-en-arequipa-A25913B01A9F5AF761373E686DCF3405
Computrabajo,Impulsate,"Postula ya! Gana mas de S/2,500 / Todos los beneficios",https://pe.computrabajo.com/ofertas-de-trabajo/oferta-de-trabajo-de-postula-ya-gana-mas-de-s2500-todos-los-beneficios-asesor-de-campo-wow-b2b-en-san-martin-de-porres-FC00F0C30AE43A3561373E686DCF3405
Computrabajo,Manpower,"Consultor de belleza (1,200 + bonos) para marcas de lujo en tiendas retail (Saga, Ripley y Oechsle)",https://pe.computrabajo.com/ofertas-de-trabajo/oferta-de-trabajo-de-consultor-de-belleza-1200-bonos-para-marcas-de-lujo-en-tiendas-retail-saga-ripley-y-oechsle-belleza-skin-care-maquillaje-lima-metropolitana-en-lima-AC179274DA2DB03661373E686DCF3405
Computrabajo,Impulsate,"Chorrillos! Gana más de S/ 2,000 (Ingreso a planilla, salario fijo + comisiones)",https://pe.computrabajo.com/ofertas-de-trabajo/oferta-de-trabajo-de-chorrillos-gana-mas-de-s-2000-ingreso-a-planilla-salario-fijo-comisiones-asesor-wow-b2b-en-chorrillos-32F2923F0C6FA96561373E686DCF3405
Computrabajo,GEA Internacional,San Isidro / Recepcionista de llamadas / Ingreso Inmediato,https://pe.computrabajo.com/ofertas-de-trabajo/oferta-de-trabajo-de-san-isidro-recepcionista-de-llamadas-ingreso-inmediato-call-center-san-isidro-asesor-en-san-isidro-6C351263BF9ECB5F61373E686DCF3405
Computrabajo,GEA Internacional,San Isidro / Recepcionista de llamadas / Ingreso Inmediato,https://pe.computrabajo.com/ofertas-de-trabajo/oferta-de-trabajo-de-san-isidro-recepcionista-de-llamadas-ingreso-inmediato-call-center-san-isidro-asesor-en-san-isidro-DA8C6D1B05E20A8261373E686DCF3405
Computrabajo,GEA Internacional,San Isidro / Recepcionista de llamadas / Ingreso Inmediato,https://pe.computrabajo.com/ofertas-de-trabajo/oferta-de-trabajo-de-san-isidro-recepcionista-de-llamadas-ingreso-inmediato-call-center-san-isidro-asesor-en-san-isidro-9966EBFF50A2EA2461373E686DCF3405
Computrabajo,GEA Internacional,San Isidro / Recepcionista de llamadas / Ingreso Inmediato,https://pe.computrabajo.com/ofertas-de-trabajo/oferta-de-trabajo-de-san-isidro-recepcionista-de-llamadas-ingreso-inmediato-call-center-san-isidro-asesor-en-san-isidro-10F43656B6D3E5AB61373E686DCF3405
Computrabajo,GEA Internacional,San Isidro / Recepcionista de llamadas / Ingreso Inmediato,https://pe.computrabajo.com/ofertas-de-trabajo/oferta-de-trabajo-de-san-isidro-recepcionista-de-llamadas-ingreso-inmediato-call-center-san-isidro-asesor-en-san-isidro-E7FFC6053B181BB961373E686DCF3405
Computrabajo,GEA Internacional,San Isidro / Recepcionista de llamadas / Ingreso Inmediato,https://pe.computrabajo.com/ofertas-de-trabajo/oferta-de-trabajo-de-san-isidro-recepcionista-de-llamadas-ingreso-inmediato-call-center-san-isidro-asesor-en-san-isidro-6D147E72E815801661373E686DCF3405
Laborum,CONSORCIO CONSTRUCTOR METRO 2 DE LIMA,Analista de Tesorería-TEMPORAL,https://www.laborum.pe/job/CONSORCIO-CONSTRUCTOR-METRO-2-DE-LIMA/Analista-de-Tesoreria-TEMPORAL/697b21b05252e9747a5ebd98?q=Analista
Laborum,Anddes Asociados S.A.C.,Analista Senior de Soporte de TI,https://www.laborum.pe/job/Anddes-Asociados-S-A-C-/Analista-Senior-de-Soporte-de-/697b21b05252e9747a5ebd7c?q=Analista
Laborum,MITSUI AUTOMOTRIZ S.A.,Analista de Riesgos Empresariales,https://www.laborum.pe/job/MITSUI-AUTOMOTRIZ-S-A-/Analista-de-Riesgos-Empresaria/697b21b05252e9747a5ebd60?q=Analista
Laborum,MITSUI AUTOMOTRIZ S.A.,Analista de Auditoría Interna,https://www.laborum.pe/job/MITSUI-AUTOMOTRIZ-S-A-/Analista-de-Auditoria-Interna/697b21b05252e9747a5ebd44?q=Analista
Laborum,Caja de Pensiones Militar Policial,ANALISTA DE RECLAMOS Y REQUERIMIENTOS,https://www.laborum.pe/job/Caja-de-Pensiones-Militar-Policial/ANALISTA-DE-RECLAMOS-Y-REQUERI/697b21af5252e9747a5ebd0c?q=Analista
Laborum,Madrid Inmobiliaria,ANALISTA DE PLANEAMIENTO FINANCIERO - SECTOR INMOBILIARIO,https://www.laborum.pe/job/Madrid-Inmobiliaria/ANALISTA-DE-PLANEAMIENTO-FINAN/697b21ad5252e9747a5eba6c?q=Analista
Laborum,ADECCO PERU S.A.,Analista de Selección Senior Especializado,https://www.laborum.pe/job/ADECCO-PERU-S-A-/Analista-de-Seleccion-Senior-E/697b21ad5252e9747a5eb9e0?q=Analista
Laborum,ADECCO PERU S.A.,Analista de Administración de personal,https://www.laborum.pe/job/ADECCO-PERU-S-A-/Analista-de-Administracion-de-/697b21ad5252e9747a5eb9a8?q=Analista
Laborum,Gretel International,ANALISTA DE PLANEAMIENTO,https://www.laborum.pe/job/Gretel-International/ANALISTA-DE-PLANEAMIENTO/697b21ab5252e9747a5eb7e8?q=Analista
Laborum,RCS Capital Humano,Asistente /Analista junioir Sap hana /San Miguel/Toyota,https://www.laborum.pe/job/RCS-Ctal-Humano/Asistente-Analista-junioir-/697b21aa5252e9747a5eb75c?q=Analista
Laborum,RCS Capital Humano,Analista planificación y control de la producción,https://www.laborum.pe/job/RCS-Ctal-Humano/Analista-planificacion-y-contr/697b21a95252e9747a5eb724?q=Analista
Laborum,ABANZA CONSULTING E.I.R.L,Analista Comercial - Desarrollo de Negocio,https://www.laborum.pe/job/-ABANZA-CONSULTING-E-I-R-L/Analista-Comercial---Desarroll/697b21a95252e9747a5eb660?q=Analista
Laborum,NTT DATA,Power platform · Analista de datos /power bi,https://www.laborum.pe/job/NTT-DATA/Power-platform--Analista/697b21a85252e9747a5eb4f4?q=Analista
Laborum,JRC,Analista de Nómina,https://www.laborum.pe/job/JRC/Analista-de-Nomina/697b21a65252e9747a5eb2a8?q=Analista
Laborum,GRUPO DIVEMOTOR,Analista de Garantías - Divemotor,https://www.laborum.pe/job/GRUPO-DIVEMOTOR/Analista-de-Garantias---Divemo/697b21a35252e9747a5eb174?q=Analista
Laborum,NATU PERU,Analista TI - Sede Piura,https://www.laborum.pe/job/NATU-PERU-/Analista-TI---Sede-Piura/697b21a25252e9747a5eb078?q=Analista
Laborum,FINANCIERA PROEMPRESA,Analista De Gestión Riesgo Operacional - Experiencia en Banca o Financieras,https://www.laborum.pe/job/FINANCIERA-PROEMPRESA-/Analista-De-Gestion-Riesgo-Ope/697b21a25252e9747a5eafec?q=Analista
Laborum,Laureate Perú,Laureate Peru: Analista de Reputación e Imagen Institucional,https://www.laborum.pe/job/Laureate-Peru/Laureate-Peru-Analista-de-R/697b21a05252e9747a5ead84?q=Analista
Laborum,Laureate Perú,UPN: Analista de Diseño de Aprendizaje Digital (Educación virtual) TEMPORAL 3 Meses - remoto,https://www.laborum.pe/job/Laureate-Peru/UPN-Analista-de-Diseno-de-A/697b219e5252e9747a5eacc0?q=Analista
Laborum,CAJA CUSCO,ANALISTA DE CREDITOS - AGENCIA SAN MARTIN DE ICA,https://www.laborum.pe/job/CAJA-CUSCO/ANALISTA-DE-CREDITOS---AGENCIA/697b219c5252e9747a5ea9e8?q=Analista
Laborum,CAJA CUSCO,ANALISTA DE CREDITOS CON EXPERIENCIA AGENCIA HUANCAYO MERCADOS REF 133-2026,https://www.laborum.pe/job/CAJA-CUSCO/ANALISTA-DE-CREDITOS-CON-EXPER/697b219c5252e9747a5ea9cc?q=Analista
Laborum,INDRA PERU,Analista de Compensaciones TI Senior,https://www.laborum.pe/job/INDRA-PERU/Analista-de-Compensaciones-TI-/697b219b5252e9747a5ea87c?q=Analista
Laborum,INDRA PERU,Analista PMO - Construcción,https://www.laborum.pe/job/INDRA-PERU/Analista-PMO---Construccion/697b219a5252e9747a5ea844?q=Analista
Laborum,IBT GROUP,Analista Compras Construcción - Importación,https://www.laborum.pe/job/IBT-GROUP/Analista-Compras-Construccion-/6979d02e5252e9747a5e2a90?q=Analista
Laborum,ECOPACKING CLAMSHELLS S.A.,ANALISTA DE COMPRAS,https://www.laborum.pe/job/ECOPACKING-CLAMSHELLS-S-A-/ANALISTA-DE-COMPRAS/6979d02d5252e9747a5e29b0?q=Analista
Laborum,ADECCO PERU S.A.,Analista de Créditos Hipotecarios Junior - BCP,https://www.laborum.pe/job/ADECCO-PERU-S-A-/Analista-de-Creditos-Hipotecar/6979d02c5252e9747a5e2908?q=Analista
Laborum,Grupo Alwa,Analista de Sistemas Junior - Ingeniero de Sistemas,https://www.laborum.pe/job/Grupo-Alwa/Analista-de-Sistemas-Junior---/6979d02c5252e9747a5e28b4?q=Analista
Laborum,ON Empresas,Analista de Gestión de Accesos,https://www.laborum.pe/job/ON-Empresas/Analista-de-Gestion-de-Accesos/6979d02c5252e9747a5e2860?q=Analista
Laborum,METRICA PERU,Analista de Ciberseguridad,https://www.laborum.pe/job/METRICA-PERU/Analista-de-Ciberseguridad/6979d02a5252e9747a5e26a0?q=Analista
Laborum,FINANCIERA OH!,Analista de Contabilidad,https://www.laborum.pe/job/FINANCIERA-OH!/Analista-de-Contabilidad/6979d0285252e9747a5e248c?q=Analista
Laborum,FINANCIERA OH!,Analista de Reclamos SAC - INDECOPI,https://www.laborum.pe/job/FINANCIERA-OH!/Analista-de-Reclamos-SAC---IND/6979d0285252e9747a5e2470?q=Analista
Laborum,FINANCIERA OH!,Analista de Conducta de Mercado,https://www.laborum.pe/job/FINANCIERA-OH!/Analista-de-Conducta-de-Mercad/6979d0285252e9747a5e2454?q=Analista
Laborum,LA TINKA S.A.,Analista de Pagos y Recargas - Temporal,https://www.laborum.pe/job/LA-TINKA-S-A-/Analista-de-Pagos-y-Recargas--/6979d0245252e9747a5e2160?q=Analista
Laborum,EY (Ernst & Young),Analista de Nóminas - Outsourcing,https://www.laborum.pe/job/EY-(Ernst-%26-Young)/Analista-de-Nominas---Outsourc/6979d0235252e9747a5e20b8?q=Analista
Laborum,EY (Ernst & Young),Analista de Auditoría de Nóminas,https://www.laborum.pe/job/EY-(Ernst-%26-Young)/Analista-de-Auditoria-de-Nomin/6979d0235252e9747a5e2080?q=Analista
Laborum,Topi Top (Trading Fashion Line S.A),Analista de Selección y Desarrollo,https://www.laborum.pe/job/Topi-Top-(Trading-Fashion-Line-S-A)/Analista-de-Seleccion-y-Desarr/6979d0225252e9747a5e1ff4?q=Analista
Laborum,FINANCIERA PROEMPRESA,Auditor Analista de Sistemas,https://www.laborum.pe/job/FINANCIERA-PROEMPRESA-/Auditor-Analista-de-Sistemas/6979d01f5252e9747a5e1da8?q=Analista
Laborum,Universidad Privada San Juan Bautista,ANALISTA DE REMUNERACIONES Y BENEFICIOS SOCIALES _ CHORRILLOS,https://www.laborum.pe/job/Universidad-Privada-San-Juan-Bautista/ANALISTA-DE-REMUNERACIONES-Y-B/6979d01f5252e9747a5e1d54?q=Analista
Laborum,Unión de Concreteras,Analista de Calibración. Metrología. SJM,https://www.laborum.pe/job/Union-de-Concreteras/Analista-de-Calibracion--Metro/6979d01d5252e9747a5e1b40?q=Analista
Laborum,Laureate Perú,Analista de Control y Soporte Presupuestal (Finanzas),https://www.laborum.pe/job/Laureate-Peru/Analista-de-Control-y-Soporte-/6979d01b5252e9747a5e1910?q=Analista
Laborum,Laureate Perú,UPC: Analista de Gestión de Base de Datos (Gestión de Horarios),https://www.laborum.pe/job/Laureate-Peru/UPC-Analista-de-Gestion-de-/6979d01b5252e9747a5e18d8?q=Analista
Laborum,Laureate Perú,LIU: Analista de Finanzas / Tesoreria,https://www.laborum.pe/job/Laureate-Peru/LIU-Analista-de-Finanzas-2/6979d01b5252e9747a5e18a0?q=Analista
Laborum,Zicsa,Analista de Planeamiento Financiero,https://www.laborum.pe/job/Zicsa/Analista-de-Planeamiento-Finan/6979d0195252e9747a5e1654?q=Analista
Laborum,RESEMIN,Analista Funcional de Sistemas y Datos (Temporal),https://www.laborum.pe/job/RESEMIN/Analista-Funcional-de-Sistemas/6979d0195252e9747a5e1638?q=Analista
Laborum,Caja Metropolitana de Lima,Analista de Admisión de Riesgo de crédito minorista - Arequipa,https://www.laborum.pe/job/Caja-Metropolitana-de-Lima/Analista-de-Admision-de-Riesgo/6979d0185252e9747a5e161c?q=Analista
Laborum,La Positiva Seguros,Analista de Siniestros - Vehicular,https://www.laborum.pe/job/La-Positiva-Seguros/Analista-de-Siniestros---Vehic/6979d0185252e9747a5e15ac?q=Analista
