fuente,empresa,titulo,url
Computrabajo,Servicios y Representaciones Reyes S.R.L.,analista administrativo Contable,https://pe.computrabajo.com/trabajo-de-analista-de-finanzas#9A132958D1E40F5261373E686DCF3405
Computrabajo,FALABELLA CORPORATIVO PERÚ,Analista Senior de Riesgo Operacional,https://pe.computrabajo.com/trabajo-de-analista-de-finanzas#40DF99B940DDA74F61373E686DCF3405
Computrabajo,Grupo Intercorp,Asistente de Cuadratura de Caja,https://pe.computrabajo.com/trabajo-de-analista-de-finanzas#C5ADE1679640D83961373E686DCF3405
Computrabajo,CAJA AREQUIPA,Analista Senior De Inteligencia De Cobranza (Sede Arequipa),https://pe.computrabajo.com/trabajo-de-analista-de-finanzas#BCB960146C54672361373E686DCF3405
Computrabajo,RIPLEY,Asesor Financiero Full Time Plaza Norte,https://pe.computrabajo.com/trabajo-de-analista-de-finanzas#0CC6A407DD3C493061373E686DCF3405
Computrabajo,RIPLEY,Asesor Financiero Part Time Salaverry,https://pe.computrabajo.com/trabajo-de-analista-de-finanzas#87FFC301FE50610461373E686DCF3405
Computrabajo,CAJA AREQUIPA,Escuela de Analista de créditos / Puno,https://pe.computrabajo.com/trabajo-de-analista-de-finanzas#A2540B020EF49B0061373E686DCF3405
Computrabajo,CAJA AREQUIPA,Escuela de Analista de créditos / Arequipa Norte,https://pe.computrabajo.com/trabajo-de-analista-de-finanzas#F0C2DA67BFE7300A61373E686DCF3405
Computrabajo,CAJA AREQUIPA,Escuela de Analista de créditos / Arequipa Centro,https://pe.computrabajo.com/trabajo-de-analista-de-finanzas#08D95E67B9B70D2061373E686DCF3405
Computrabajo,RIPLEY,Asesor Financiero Part Time San Juan de Lurigancho,https://pe.computrabajo.com/trabajo-de-analista-de-finanzas#5D7BA2B1EA20BA5D61373E686DCF3405
Computrabajo,CONVERTIDORA DEL PACIFICO E.I.R.L.,Analista Contable,https://pe.computrabajo.com/trabajo-de-analista-de-finanzas#833469D659B5F26F61373E686DCF3405
Computrabajo,RIPLEY,Asesor Financiero Full Time Puruchuco,https://pe.computrabajo.com/trabajo-de-analista-de-finanzas#93AEF3C9EAE39FB761373E686DCF3405
Computrabajo,CAJA AREQUIPA,Analista de créditos con experiencia / Ag. Santa Rosa,https://pe.computrabajo.com/trabajo-de-analista-de-finanzas#907C760529C22E8661373E686DCF3405
Computrabajo,CAJA AREQUIPA,Analista de créditos con experiencia / Moquegua,https://pe.computrabajo.com/trabajo-de-analista-de-finanzas#759F8509BB8CD6EB61373E686DCF3405
Computrabajo,CAJA AREQUIPA,Escuela de Analista de créditos / Ag. Nasca,https://pe.computrabajo.com/trabajo-de-analista-de-finanzas#FA564F019ECECBB561373E686DCF3405
Computrabajo,CAJA AREQUIPA,Escuela de Analista de créditos / Ag. Mollendo,https://pe.computrabajo.com/trabajo-de-analista-de-finanzas#934D0C070EF9404F61373E686DCF3405
Computrabajo,RIPLEY,Asesor Financiero Part Time Chimbote,https://pe.computrabajo.com/trabajo-de-analista-de-finanzas#7E0590684D1BEA7061373E686DCF3405
Computrabajo,RIPLEY,Asesor Financiero Full Time San Miguel,https://pe.computrabajo.com/trabajo-de-analista-de-finanzas#CE55103CABCEF04861373E686DCF3405
Computrabajo,RIPLEY,Asesor Financiero Full Time Jockey Plaza,https://pe.computrabajo.com/trabajo-de-analista-de-finanzas#077773639A06AA1261373E686DCF3405
Computrabajo,Grupo Intercorp,Analista Contable: Control de inventarios,https://pe.computrabajo.com/trabajo-de-analista-de-finanzas#7452756CC9AF942D61373E686DCF3405
Computrabajo,RIPLEY,Asesor Financiero Part Time Santa Anita,https://pe.computrabajo.com/trabajo-de-analista-de-finanzas#93CB227C04F2533461373E686DCF3405
Computrabajo,RIPLEY,Asesor Financiero Full Time Santa Anita,https://pe.computrabajo.com/trabajo-de-analista-de-finanzas#0C23D5FBAC1DB92A61373E686DCF3405
Computrabajo,Caja Cencosud Del Grupo Scotiabank,Analista de Gobierno de Datos,https://pe.computrabajo.com/trabajo-de-analista-de-finanzas#8947126497C084E461373E686DCF3405
Computrabajo,Papelera Reyes S.A.C,Analista Contable,https://pe.computrabajo.com/trabajo-de-analista-de-finanzas#4515F367AE43BF5061373E686DCF3405
Computrabajo,Crédito & Cobranzas S.A.C.,Asesor de Cobranzas,https://pe.computrabajo.com/trabajo-de-analista-de-finanzas#3B9BEFB46980FC5161373E686DCF3405
Computrabajo,RIPLEY,Asesor Financiero Part Time Plaza Norte,https://pe.computrabajo.com/trabajo-de-analista-de-finanzas#A31BF55D8336EC8A61373E686DCF3405
Computrabajo,Grupo Intercorp,Analista Contable de Auditoría y Proyectos,https://pe.computrabajo.com/trabajo-de-analista-de-finanzas#EE666426B0C8F1B661373E686DCF3405
Computrabajo,Pacífico,Asesor de Seguros,https://pe.computrabajo.com/trabajo-de-analista-de-finanzas#45202DBEA94A0B1C61373E686DCF3405
Computrabajo,Reyfam,Analista contable,https://pe.computrabajo.com/trabajo-de-analista-de-finanzas#D30B25E87B1AD56161373E686DCF3405
Indeed,Tottus Perú,Analista Control Gestión y Analytics ECommerce,https://pe.indeed.com/viewjob?jk=e8b0132c22d5c28d
